,0C2E_isolate_RP1_3623,0C4A_isolate_RP45_3624,12-4-4_59_3618,14649_3306,14650_3305,148_2076,18A_661,19BR_362,213BR_361,2192_82,62_606,8380_3922,9BR_360
NP_254218.1_E76D,1.0,,1.0,,,1.0,,,,,,,
NP_254218.1_218_ins,1.0,1.0,,1.0,1.0,,1.0,1.0,1.0,1.0,1.0,1.0,1.0
NP_254218.1_R258G,,,1.0,,,,,,,,,,
NP_254218.1_D260A,,,1.0,,,,,,,,,,
NP_254218.1_P261Q,,,1.0,,,,,,,,,,
NP_254218.1_E274Q,,,1.0,,,,,,,,,,
NP_254218.1_S285T,,,1.0,,,,,,,,,,
NP_254218.1_V294I,,,1.0,,,,,,,,,,
NP_254218.1_R301G,,,1.0,,,,,,,,,,
NP_254218.1_E306S,,,1.0,,,,,,,,,,
NP_254218.1_164_del,,,,,,,,,,,,1.0,
NP_254218.1_P3S,,,,,,,,,,,,,1.0
